file,line,type,commit,author,date,time,timezone,datetime,depth,length
style.css,1,css,b200e2b8,Lbangayan,2025-01-17,22:09:21,-08:00,2025-01-17T22:09:21-08:00,0,6
style.css,2,css,b200e2b8,Lbangayan,2025-01-17,22:09:21,-08:00,2025-01-17T22:09:21-08:00,0,62
style.css,3,css,b200e2b8,Lbangayan,2025-01-17,22:09:21,-08:00,2025-01-17T22:09:21-08:00,0,0
style.css,4,css,b200e2b8,Lbangayan,2025-01-17,22:09:21,-08:00,2025-01-17T22:09:21-08:00,0,0
style.css,5,css,b200e2b8,Lbangayan,2025-01-17,22:09:21,-08:00,2025-01-17T22:09:21-08:00,0,5
style.css,6,css,b200e2b8,Lbangayan,2025-01-17,22:09:21,-08:00,2025-01-17T22:09:21-08:00,0,62
style.css,7,css,19efd38b,Lbangayan,2025-01-24,17:41:34,-08:00,2025-01-24T17:41:34-08:00,0,57
style.css,8,css,19efd38b,Lbangayan,2025-01-24,17:41:34,-08:00,2025-01-24T17:41:34-08:00,0,65
style.css,9,css,19efd38b,Lbangayan,2025-01-24,17:41:34,-08:00,2025-01-24T17:41:34-08:00,0,0
style.css,10,css,b200e2b8,Lbangayan,2025-01-17,22:09:21,-08:00,2025-01-17T22:09:21-08:00,0,0
style.css,11,css,b200e2b8,Lbangayan,2025-01-17,22:09:21,-08:00,2025-01-17T22:09:21-08:00,0,0
style.css,12,css,b200e2b8,Lbangayan,2025-01-17,22:09:21,-08:00,2025-01-17T22:09:21-08:00,0,5
style.css,13,css,b200e2b8,Lbangayan,2025-01-17,22:09:21,-08:00,2025-01-17T22:09:21-08:00,0,24
style.css,14,css,b200e2b8,Lbangayan,2025-01-17,22:09:21,-08:00,2025-01-17T22:09:21-08:00,0,16
style.css,15,css,b200e2b8,Lbangayan,2025-01-17,22:09:21,-08:00,2025-01-17T22:09:21-08:00,0,19
style.css,16,css,b200e2b8,Lbangayan,2025-01-17,22:09:21,-08:00,2025-01-17T22:09:21-08:00,0,48
style.css,17,css,b200e2b8,Lbangayan,2025-01-17,22:09:21,-08:00,2025-01-17T22:09:21-08:00,0,0
style.css,18,css,b200e2b8,Lbangayan,2025-01-17,22:09:21,-08:00,2025-01-17T22:09:21-08:00,0,0
style.css,19,css,b200e2b8,Lbangayan,2025-01-17,22:09:21,-08:00,2025-01-17T22:09:21-08:00,0,4
style.css,20,css,19efd38b,Lbangayan,2025-01-24,17:41:34,-08:00,2025-01-24T17:41:34-08:00,0,46
style.css,21,css,19efd38b,Lbangayan,2025-01-24,17:41:34,-08:00,2025-01-24T17:41:34-08:00,0,63
style.css,22,css,b200e2b8,Lbangayan,2025-01-17,22:09:21,-08:00,2025-01-17T22:09:21-08:00,0,67
style.css,23,css,b200e2b8,Lbangayan,2025-01-17,22:09:21,-08:00,2025-01-17T22:09:21-08:00,0,55
style.css,24,css,b200e2b8,Lbangayan,2025-01-17,22:09:21,-08:00,2025-01-17T22:09:21-08:00,0,67
style.css,25,css,19efd38b,Lbangayan,2025-01-24,17:41:34,-08:00,2025-01-24T17:41:34-08:00,0,66
style.css,26,css,b200e2b8,Lbangayan,2025-01-17,22:09:21,-08:00,2025-01-17T22:09:21-08:00,0,0
style.css,27,css,b200e2b8,Lbangayan,2025-01-17,22:09:21,-08:00,2025-01-17T22:09:21-08:00,0,0
style.css,28,css,b200e2b8,Lbangayan,2025-01-17,22:09:21,-08:00,2025-01-17T22:09:21-08:00,0,6
style.css,29,css,b200e2b8,Lbangayan,2025-01-17,22:09:21,-08:00,2025-01-17T22:09:21-08:00,0,7
style.css,30,css,b200e2b8,Lbangayan,2025-01-17,22:09:21,-08:00,2025-01-17T22:09:21-08:00,0,62
style.css,31,css,b200e2b8,Lbangayan,2025-01-17,22:09:21,-08:00,2025-01-17T22:09:21-08:00,0,49
style.css,32,css,b200e2b8,Lbangayan,2025-01-17,22:09:21,-08:00,2025-01-17T22:09:21-08:00,0,55
style.css,33,css,b200e2b8,Lbangayan,2025-01-17,22:09:21,-08:00,2025-01-17T22:09:21-08:00,0,39
style.css,34,css,b200e2b8,Lbangayan,2025-01-17,22:09:21,-08:00,2025-01-17T22:09:21-08:00,0,0
style.css,35,css,b200e2b8,Lbangayan,2025-01-17,22:09:21,-08:00,2025-01-17T22:09:21-08:00,0,0
style.css,36,css,b200e2b8,Lbangayan,2025-01-17,22:09:21,-08:00,2025-01-17T22:09:21-08:00,0,14
style.css,37,css,b200e2b8,Lbangayan,2025-01-17,22:09:21,-08:00,2025-01-17T22:09:21-08:00,0,50
style.css,38,css,b200e2b8,Lbangayan,2025-01-17,22:09:21,-08:00,2025-01-17T22:09:21-08:00,0,74
style.css,39,css,b200e2b8,Lbangayan,2025-01-17,22:09:21,-08:00,2025-01-17T22:09:21-08:00,0,74
style.css,40,css,b200e2b8,Lbangayan,2025-01-17,22:09:21,-08:00,2025-01-17T22:09:21-08:00,0,0
style.css,41,css,b200e2b8,Lbangayan,2025-01-17,22:09:21,-08:00,2025-01-17T22:09:21-08:00,0,0
style.css,42,css,b200e2b8,Lbangayan,2025-01-17,22:09:21,-08:00,2025-01-17T22:09:21-08:00,0,12
style.css,43,css,b200e2b8,Lbangayan,2025-01-17,22:09:21,-08:00,2025-01-17T22:09:21-08:00,0,80
style.css,44,css,19efd38b,Lbangayan,2025-01-24,17:41:34,-08:00,2025-01-24T17:41:34-08:00,0,70
style.css,45,css,19efd38b,Lbangayan,2025-01-24,17:41:34,-08:00,2025-01-24T17:41:34-08:00,0,0
style.css,46,css,19efd38b,Lbangayan,2025-01-24,17:41:34,-08:00,2025-01-24T17:41:34-08:00,0,0
style.css,47,css,19efd38b,Lbangayan,2025-01-24,17:41:34,-08:00,2025-01-24T17:41:34-08:00,0,0
style.css,48,css,19efd38b,Lbangayan,2025-01-24,17:41:34,-08:00,2025-01-24T17:41:34-08:00,0,14
style.css,49,css,19efd38b,Lbangayan,2025-01-24,17:41:34,-08:00,2025-01-24T17:41:34-08:00,0,73
style.css,50,css,19efd38b,Lbangayan,2025-01-24,17:41:34,-08:00,2025-01-24T17:41:34-08:00,0,40
style.css,51,css,19efd38b,Lbangayan,2025-01-24,17:41:34,-08:00,2025-01-24T17:41:34-08:00,0,44
style.css,52,css,19efd38b,Lbangayan,2025-01-24,17:41:34,-08:00,2025-01-24T17:41:34-08:00,0,51
style.css,53,css,19efd38b,Lbangayan,2025-01-24,17:41:34,-08:00,2025-01-24T17:41:34-08:00,0,66
style.css,54,css,b200e2b8,Lbangayan,2025-01-17,22:09:21,-08:00,2025-01-17T22:09:21-08:00,0,0
style.css,55,css,b200e2b8,Lbangayan,2025-01-17,22:09:21,-08:00,2025-01-17T22:09:21-08:00,0,0
style.css,56,css,b200e2b8,Lbangayan,2025-01-17,22:09:21,-08:00,2025-01-17T22:09:21-08:00,0,40
style.css,57,css,b200e2b8,Lbangayan,2025-01-17,22:09:21,-08:00,2025-01-17T22:09:21-08:00,0,5
style.css,58,css,b200e2b8,Lbangayan,2025-01-17,22:09:21,-08:00,2025-01-17T22:09:21-08:00,0,13
style.css,59,css,b200e2b8,Lbangayan,2025-01-17,22:09:21,-08:00,2025-01-17T22:09:21-08:00,0,70
style.css,60,css,b200e2b8,Lbangayan,2025-01-17,22:09:21,-08:00,2025-01-17T22:09:21-08:00,0,41
style.css,61,css,b200e2b8,Lbangayan,2025-01-17,22:09:21,-08:00,2025-01-17T22:09:21-08:00,0,48
style.css,62,css,b200e2b8,Lbangayan,2025-01-17,22:09:21,-08:00,2025-01-17T22:09:21-08:00,0,0
style.css,63,css,b200e2b8,Lbangayan,2025-01-17,22:09:21,-08:00,2025-01-17T22:09:21-08:00,0,0
style.css,64,css,b200e2b8,Lbangayan,2025-01-17,22:09:21,-08:00,2025-01-17T22:09:21-08:00,0,11
style.css,65,css,b200e2b8,Lbangayan,2025-01-17,22:09:21,-08:00,2025-01-17T22:09:21-08:00,0,47
style.css,66,css,b200e2b8,Lbangayan,2025-01-17,22:09:21,-08:00,2025-01-17T22:09:21-08:00,0,0
style.css,67,css,b200e2b8,Lbangayan,2025-01-17,22:09:21,-08:00,2025-01-17T22:09:21-08:00,0,0
style.css,68,css,b200e2b8,Lbangayan,2025-01-17,22:09:21,-08:00,2025-01-17T22:09:21-08:00,0,10
style.css,69,css,19efd38b,Lbangayan,2025-01-24,17:41:34,-08:00,2025-01-24T17:41:34-08:00,0,13
style.css,70,css,19efd38b,Lbangayan,2025-01-24,17:41:34,-08:00,2025-01-24T17:41:34-08:00,0,11
style.css,71,css,19efd38b,Lbangayan,2025-01-24,17:41:34,-08:00,2025-01-24T17:41:34-08:00,0,12
style.css,72,css,b200e2b8,Lbangayan,2025-01-17,22:09:21,-08:00,2025-01-17T22:09:21-08:00,0,60
style.css,73,css,b200e2b8,Lbangayan,2025-01-17,22:09:21,-08:00,2025-01-17T22:09:21-08:00,0,64
style.css,74,css,b200e2b8,Lbangayan,2025-01-17,22:09:21,-08:00,2025-01-17T22:09:21-08:00,0,0
style.css,75,css,b200e2b8,Lbangayan,2025-01-17,22:09:21,-08:00,2025-01-17T22:09:21-08:00,0,0
style.css,76,css,b200e2b8,Lbangayan,2025-01-17,22:09:21,-08:00,2025-01-17T22:09:21-08:00,0,12
style.css,77,css,b200e2b8,Lbangayan,2025-01-17,22:09:21,-08:00,2025-01-17T22:09:21-08:00,0,45
style.css,78,css,b200e2b8,Lbangayan,2025-01-17,22:09:21,-08:00,2025-01-17T22:09:21-08:00,0,0
style.css,79,css,b200e2b8,Lbangayan,2025-01-17,22:09:21,-08:00,2025-01-17T22:09:21-08:00,0,0
style.css,80,css,b200e2b8,Lbangayan,2025-01-17,22:09:21,-08:00,2025-01-17T22:09:21-08:00,0,26
style.css,81,css,b200e2b8,Lbangayan,2025-01-17,22:09:21,-08:00,2025-01-17T22:09:21-08:00,0,10
style.css,82,css,b200e2b8,Lbangayan,2025-01-17,22:09:21,-08:00,2025-01-17T22:09:21-08:00,0,13
style.css,83,css,b200e2b8,Lbangayan,2025-01-17,22:09:21,-08:00,2025-01-17T22:09:21-08:00,0,82
style.css,84,css,b200e2b8,Lbangayan,2025-01-17,22:09:21,-08:00,2025-01-17T22:09:21-08:00,0,41
style.css,85,css,b200e2b8,Lbangayan,2025-01-17,22:09:21,-08:00,2025-01-17T22:09:21-08:00,0,0
style.css,86,css,b200e2b8,Lbangayan,2025-01-17,22:09:21,-08:00,2025-01-17T22:09:21-08:00,0,0
style.css,87,css,b200e2b8,Lbangayan,2025-01-17,22:09:21,-08:00,2025-01-17T22:09:21-08:00,0,18
style.css,88,css,b200e2b8,Lbangayan,2025-01-17,22:09:21,-08:00,2025-01-17T22:09:21-08:00,0,13
style.css,89,css,b200e2b8,Lbangayan,2025-01-17,22:09:21,-08:00,2025-01-17T22:09:21-08:00,0,54
style.css,90,css,b200e2b8,Lbangayan,2025-01-17,22:09:21,-08:00,2025-01-17T22:09:21-08:00,0,34
style.css,91,css,b200e2b8,Lbangayan,2025-01-17,22:09:21,-08:00,2025-01-17T22:09:21-08:00,0,39
style.css,92,css,b200e2b8,Lbangayan,2025-01-17,22:09:21,-08:00,2025-01-17T22:09:21-08:00,0,0
style.css,93,css,b200e2b8,Lbangayan,2025-01-17,22:09:21,-08:00,2025-01-17T22:09:21-08:00,0,0
style.css,94,css,b200e2b8,Lbangayan,2025-01-17,22:09:21,-08:00,2025-01-17T22:09:21-08:00,0,13
style.css,95,css,b200e2b8,Lbangayan,2025-01-17,22:09:21,-08:00,2025-01-17T22:09:21-08:00,0,43
style.css,96,css,b200e2b8,Lbangayan,2025-01-17,22:09:21,-08:00,2025-01-17T22:09:21-08:00,0,0
style.css,97,css,b200e2b8,Lbangayan,2025-01-17,22:09:21,-08:00,2025-01-17T22:09:21-08:00,0,0
style.css,98,css,b200e2b8,Lbangayan,2025-01-17,22:09:21,-08:00,2025-01-17T22:09:21-08:00,0,19
style.css,99,css,b200e2b8,Lbangayan,2025-01-17,22:09:21,-08:00,2025-01-17T22:09:21-08:00,0,3
style.css,100,css,b200e2b8,Lbangayan,2025-01-17,22:09:21,-08:00,2025-01-17T22:09:21-08:00,0,50
style.css,101,css,b200e2b8,Lbangayan,2025-01-17,22:09:21,-08:00,2025-01-17T22:09:21-08:00,0,0
style.css,102,css,b200e2b8,Lbangayan,2025-01-17,22:09:21,-08:00,2025-01-17T22:09:21-08:00,0,0
style.css,103,css,b200e2b8,Lbangayan,2025-01-17,22:09:21,-08:00,2025-01-17T22:09:21-08:00,0,23
style.css,104,css,b200e2b8,Lbangayan,2025-01-17,22:09:21,-08:00,2025-01-17T22:09:21-08:00,0,51
style.css,105,css,b200e2b8,Lbangayan,2025-01-17,22:09:21,-08:00,2025-01-17T22:09:21-08:00,0,45
style.css,106,css,53309c6a,Lbangayan,2025-01-31,20:06:05,-08:00,2025-01-31T20:06:05-08:00,0,0
style.css,107,css,53309c6a,Lbangayan,2025-01-31,20:06:05,-08:00,2025-01-31T20:06:05-08:00,0,0
style.css,108,css,53309c6a,Lbangayan,2025-01-31,20:06:05,-08:00,2025-01-31T20:06:05-08:00,0,26
style.css,109,css,53309c6a,Lbangayan,2025-01-31,20:06:05,-08:00,2025-01-31T20:06:05-08:00,0,18
style.css,110,css,53309c6a,Lbangayan,2025-01-31,20:06:05,-08:00,2025-01-31T20:06:05-08:00,0,13
style.css,111,css,53309c6a,Lbangayan,2025-01-31,20:06:05,-08:00,2025-01-31T20:06:05-08:00,0,68
style.css,112,css,53309c6a,Lbangayan,2025-01-31,20:06:05,-08:00,2025-01-31T20:06:05-08:00,0,41
style.css,113,css,53309c6a,Lbangayan,2025-01-31,20:06:05,-08:00,2025-01-31T20:06:05-08:00,0,0
style.css,114,css,53309c6a,Lbangayan,2025-01-31,20:06:05,-08:00,2025-01-31T20:06:05-08:00,0,0
style.css,115,css,53309c6a,Lbangayan,2025-01-31,20:06:05,-08:00,2025-01-31T20:06:05-08:00,0,18
style.css,116,css,53309c6a,Lbangayan,2025-01-31,20:06:05,-08:00,2025-01-31T20:06:05-08:00,0,58
style.css,117,css,53309c6a,Lbangayan,2025-01-31,20:06:05,-08:00,2025-01-31T20:06:05-08:00,0,42
style.css,118,css,53309c6a,Lbangayan,2025-01-31,20:06:05,-08:00,2025-01-31T20:06:05-08:00,0,0
style.css,119,css,53309c6a,Lbangayan,2025-01-31,20:06:05,-08:00,2025-01-31T20:06:05-08:00,0,0
style.css,120,css,53309c6a,Lbangayan,2025-01-31,20:06:05,-08:00,2025-01-31T20:06:05-08:00,0,18
style.css,121,css,53309c6a,Lbangayan,2025-01-31,20:06:05,-08:00,2025-01-31T20:06:05-08:00,0,59
style.css,122,css,53309c6a,Lbangayan,2025-01-31,20:06:05,-08:00,2025-01-31T20:06:05-08:00,0,37
style.css,123,css,d4840fa4,Lbangayan,2025-02-07,22:02:07,-08:00,2025-02-07T22:02:07-08:00,0,0
style.css,124,css,d4840fa4,Lbangayan,2025-02-07,22:02:07,-08:00,2025-02-07T22:02:07-08:00,0,19
style.css,125,css,d4840fa4,Lbangayan,2025-02-07,22:02:07,-08:00,2025-02-07T22:02:07-08:00,0,15
style.css,126,css,d4840fa4,Lbangayan,2025-02-07,22:02:07,-08:00,2025-02-07T22:02:07-08:00,0,17
style.css,127,css,d4840fa4,Lbangayan,2025-02-07,22:02:07,-08:00,2025-02-07T22:02:07-08:00,0,0
style.css,128,css,d4840fa4,Lbangayan,2025-02-07,22:02:07,-08:00,2025-02-07T22:02:07-08:00,0,17
style.css,129,css,d4840fa4,Lbangayan,2025-02-07,22:02:07,-08:00,2025-02-07T22:02:07-08:00,0,0
style.css,130,css,d4840fa4,Lbangayan,2025-02-07,22:02:07,-08:00,2025-02-07T22:02:07-08:00,0,22
style.css,131,css,d4840fa4,Lbangayan,2025-02-07,22:02:07,-08:00,2025-02-07T22:02:07-08:00,0,11
style.css,132,css,d4840fa4,Lbangayan,2025-02-07,22:02:07,-08:00,2025-02-07T22:02:07-08:00,0,42
style.css,133,css,d4840fa4,Lbangayan,2025-02-07,22:02:07,-08:00,2025-02-07T22:02:07-08:00,0,54
style.css,134,css,d4840fa4,Lbangayan,2025-02-07,22:02:07,-08:00,2025-02-07T22:02:07-08:00,0,55
style.css,135,css,d4840fa4,Lbangayan,2025-02-07,22:02:07,-08:00,2025-02-07T22:02:07-08:00,0,0
style.css,136,css,d4840fa4,Lbangayan,2025-02-07,22:02:07,-08:00,2025-02-07T22:02:07-08:00,0,0
style.css,137,css,d4840fa4,Lbangayan,2025-02-07,22:02:07,-08:00,2025-02-07T22:02:07-08:00,0,19
style.css,138,css,d4840fa4,Lbangayan,2025-02-07,22:02:07,-08:00,2025-02-07T22:02:07-08:00,0,56
style.css,139,css,d4840fa4,Lbangayan,2025-02-07,22:02:07,-08:00,2025-02-07T22:02:07-08:00,0,0
style.css,140,css,d4840fa4,Lbangayan,2025-02-07,22:02:07,-08:00,2025-02-07T22:02:07-08:00,0,0
style.css,141,css,d4840fa4,Lbangayan,2025-02-07,22:02:07,-08:00,2025-02-07T22:02:07-08:00,0,19
style.css,142,css,d4840fa4,Lbangayan,2025-02-07,22:02:07,-08:00,2025-02-07T22:02:07-08:00,0,8
style.css,143,css,d4840fa4,Lbangayan,2025-02-07,22:02:07,-08:00,2025-02-07T22:02:07-08:00,0,13
style.css,144,css,d4840fa4,Lbangayan,2025-02-07,22:02:07,-08:00,2025-02-07T22:02:07-08:00,0,88
style.css,145,css,d4840fa4,Lbangayan,2025-02-07,22:02:07,-08:00,2025-02-07T22:02:07-08:00,0,41
style.css,146,css,d4840fa4,Lbangayan,2025-02-07,22:02:07,-08:00,2025-02-07T22:02:07-08:00,0,16
style.css,147,css,d4840fa4,Lbangayan,2025-02-07,22:02:07,-08:00,2025-02-07T22:02:07-08:00,0,10
style.css,148,css,d4840fa4,Lbangayan,2025-02-07,22:02:07,-08:00,2025-02-07T22:02:07-08:00,0,9
style.css,149,css,d4840fa4,Lbangayan,2025-02-07,22:02:07,-08:00,2025-02-07T22:02:07-08:00,0,0
style.css,150,css,d4840fa4,Lbangayan,2025-02-07,22:02:07,-08:00,2025-02-07T22:02:07-08:00,0,0
style.css,151,css,d4840fa4,Lbangayan,2025-02-07,22:02:07,-08:00,2025-02-07T22:02:07-08:00,0,13
style.css,152,css,d4840fa4,Lbangayan,2025-02-07,22:02:07,-08:00,2025-02-07T22:02:07-08:00,0,42
style.css,153,css,d4840fa4,Lbangayan,2025-02-07,22:02:07,-08:00,2025-02-07T22:02:07-08:00,0,49
style.css,154,css,d4840fa4,Lbangayan,2025-02-07,22:02:07,-08:00,2025-02-07T22:02:07-08:00,0,50
style.css,155,css,d4840fa4,Lbangayan,2025-02-07,22:02:07,-08:00,2025-02-07T22:02:07-08:00,0,0
style.css,156,css,d4840fa4,Lbangayan,2025-02-07,22:02:07,-08:00,2025-02-07T22:02:07-08:00,0,0
style.css,157,css,d4840fa4,Lbangayan,2025-02-07,22:02:07,-08:00,2025-02-07T22:02:07-08:00,0,16
style.css,158,css,d4840fa4,Lbangayan,2025-02-07,22:02:07,-08:00,2025-02-07T22:02:07-08:00,0,10
style.css,159,css,d4840fa4,Lbangayan,2025-02-07,22:02:07,-08:00,2025-02-07T22:02:07-08:00,0,11
style.css,160,css,d4840fa4,Lbangayan,2025-02-07,22:02:07,-08:00,2025-02-07T22:02:07-08:00,0,19
style.css,161,css,d4840fa4,Lbangayan,2025-02-07,22:02:07,-08:00,2025-02-07T22:02:07-08:00,0,30
style.css,162,css,d4840fa4,Lbangayan,2025-02-07,22:02:07,-08:00,2025-02-07T22:02:07-08:00,0,41
style.css,163,css,d4840fa4,Lbangayan,2025-02-07,22:02:07,-08:00,2025-02-07T22:02:07-08:00,0,0
style.css,164,css,d4840fa4,Lbangayan,2025-02-07,22:02:07,-08:00,2025-02-07T22:02:07-08:00,0,18
style.css,165,css,d4840fa4,Lbangayan,2025-02-07,22:02:07,-08:00,2025-02-07T22:02:07-08:00,0,17
style.css,166,css,d4840fa4,Lbangayan,2025-02-07,22:02:07,-08:00,2025-02-07T22:02:07-08:00,0,12
style.css,167,css,d4840fa4,Lbangayan,2025-02-07,22:02:07,-08:00,2025-02-07T22:02:07-08:00,0,0
style.css,168,css,d4840fa4,Lbangayan,2025-02-07,22:02:07,-08:00,2025-02-07T22:02:07-08:00,0,0
style.css,169,css,d4840fa4,Lbangayan,2025-02-07,22:02:07,-08:00,2025-02-07T22:02:07-08:00,0,0
style.css,170,css,d4840fa4,Lbangayan,2025-02-07,22:02:07,-08:00,2025-02-07T22:02:07-08:00,0,5
style.css,171,css,d4840fa4,Lbangayan,2025-02-07,22:02:07,-08:00,2025-02-07T22:02:07-08:00,0,17
style.css,172,css,d4840fa4,Lbangayan,2025-02-07,22:02:07,-08:00,2025-02-07T22:02:07-08:00,0,0
style.css,173,css,d4840fa4,Lbangayan,2025-02-07,22:02:07,-08:00,2025-02-07T22:02:07-08:00,0,0
style.css,174,css,d4840fa4,Lbangayan,2025-02-07,22:02:07,-08:00,2025-02-07T22:02:07-08:00,0,30
style.css,175,css,d4840fa4,Lbangayan,2025-02-07,22:02:07,-08:00,2025-02-07T22:02:07-08:00,0,15
style.css,176,css,d4840fa4,Lbangayan,2025-02-07,22:02:07,-08:00,2025-02-07T22:02:07-08:00,0,15
style.css,177,css,d4840fa4,Lbangayan,2025-02-07,22:02:07,-08:00,2025-02-07T22:02:07-08:00,0,0
style.css,178,css,d4840fa4,Lbangayan,2025-02-07,22:02:07,-08:00,2025-02-07T22:02:07-08:00,0,0
style.css,179,css,d4840fa4,Lbangayan,2025-02-07,22:02:07,-08:00,2025-02-07T22:02:07-08:00,0,33
style.css,180,css,d4840fa4,Lbangayan,2025-02-07,22:02:07,-08:00,2025-02-07T22:02:07-08:00,0,10
style.css,181,css,d4840fa4,Lbangayan,2025-02-07,22:02:07,-08:00,2025-02-07T22:02:07-08:00,0,13
style.css,182,css,d4840fa4,Lbangayan,2025-02-07,22:02:07,-08:00,2025-02-07T22:02:07-08:00,0,17
style.css,183,css,d4840fa4,Lbangayan,2025-02-07,22:02:07,-08:00,2025-02-07T22:02:07-08:00,0,0
style.css,184,css,d4840fa4,Lbangayan,2025-02-07,22:02:07,-08:00,2025-02-07T22:02:07-08:00,0,0
style.css,185,css,d4840fa4,Lbangayan,2025-02-07,22:02:07,-08:00,2025-02-07T22:02:07-08:00,0,10
style.css,186,css,d4840fa4,Lbangayan,2025-02-07,22:02:07,-08:00,2025-02-07T22:02:07-08:00,0,36
style.css,187,css,d4840fa4,Lbangayan,2025-02-07,22:02:07,-08:00,2025-02-07T22:02:07-08:00,0,0
style.css,188,css,d4840fa4,Lbangayan,2025-02-07,22:02:07,-08:00,2025-02-07T22:02:07-08:00,0,11
style.css,189,css,d4840fa4,Lbangayan,2025-02-07,22:02:07,-08:00,2025-02-07T22:02:07-08:00,0,18
style.css,190,css,d4840fa4,Lbangayan,2025-02-07,22:02:07,-08:00,2025-02-07T22:02:07-08:00,0,0
style.css,191,css,d4840fa4,Lbangayan,2025-02-07,22:02:07,-08:00,2025-02-07T22:02:07-08:00,0,0
style.css,192,css,d4840fa4,Lbangayan,2025-02-07,22:02:07,-08:00,2025-02-07T22:02:07-08:00,0,0
style.css,193,css,d4840fa4,Lbangayan,2025-02-07,22:02:07,-08:00,2025-02-07T22:02:07-08:00,0,35
style.css,194,css,d4840fa4,Lbangayan,2025-02-07,22:02:07,-08:00,2025-02-07T22:02:07-08:00,0,22
style.css,195,css,d4840fa4,Lbangayan,2025-02-07,22:02:07,-08:00,2025-02-07T22:02:07-08:00,0,17
style.css,196,css,d4840fa4,Lbangayan,2025-02-07,22:02:07,-08:00,2025-02-07T22:02:07-08:00,0,30
style.css,197,css,d4840fa4,Lbangayan,2025-02-07,22:02:07,-08:00,2025-02-07T22:02:07-08:00,0,12
style.css,198,css,d4840fa4,Lbangayan,2025-02-07,22:02:07,-08:00,2025-02-07T22:02:07-08:00,0,0
style.css,199,css,d4840fa4,Lbangayan,2025-02-07,22:02:07,-08:00,2025-02-07T22:02:07-08:00,0,0
style.css,200,css,d4840fa4,Lbangayan,2025-02-07,22:02:07,-08:00,2025-02-07T22:02:07-08:00,0,11
style.css,201,css,d4840fa4,Lbangayan,2025-02-07,22:02:07,-08:00,2025-02-07T22:02:07-08:00,0,66
style.css,202,css,d4840fa4,Lbangayan,2025-02-07,22:02:07,-08:00,2025-02-07T22:02:07-08:00,0,54
style.css,203,css,d4840fa4,Lbangayan,2025-02-07,22:02:07,-08:00,2025-02-07T22:02:07-08:00,0,65
style.css,204,css,d4840fa4,Lbangayan,2025-02-07,22:02:07,-08:00,2025-02-07T22:02:07-08:00,0,95
style.css,205,css,d4840fa4,Lbangayan,2025-02-07,22:02:07,-08:00,2025-02-07T22:02:07-08:00,0,41
style.css,206,css,b200e2b8,Lbangayan,2025-01-17,22:09:21,-08:00,2025-01-17T22:09:21-08:00,0,0
index.js,1,js,53309c6a,Lbangayan,2025-01-31,20:06:05,-08:00,2025-01-31T20:06:05-08:00,0,101
index.js,2,js,53309c6a,Lbangayan,2025-01-31,20:06:05,-08:00,2025-01-31T20:06:05-08:00,0,0
index.js,3,js,53309c6a,Lbangayan,2025-01-31,20:06:05,-08:00,2025-01-31T20:06:05-08:00,0,55
index.js,4,js,53309c6a,Lbangayan,2025-01-31,20:06:05,-08:00,2025-01-31T20:06:05-08:00,0,21
index.js,5,js,53309c6a,Lbangayan,2025-01-31,20:06:05,-08:00,2025-01-31T20:06:05-08:00,0,43
index.js,6,js,53309c6a,Lbangayan,2025-01-31,20:06:05,-08:00,2025-01-31T20:06:05-08:00,0,61
index.js,7,js,53309c6a,Lbangayan,2025-01-31,20:06:05,-08:00,2025-01-31T20:06:05-08:00,0,55
index.js,8,js,53309c6a,Lbangayan,2025-01-31,20:06:05,-08:00,2025-01-31T20:06:05-08:00,0,0
index.js,9,js,53309c6a,Lbangayan,2025-01-31,20:06:05,-08:00,2025-01-31T20:06:05-08:00,0,53
index.js,10,js,53309c6a,Lbangayan,2025-01-31,20:06:05,-08:00,2025-01-31T20:06:05-08:00,0,61
index.js,11,js,53309c6a,Lbangayan,2025-01-31,20:06:05,-08:00,2025-01-31T20:06:05-08:00,0,18
index.js,12,js,53309c6a,Lbangayan,2025-01-31,20:06:05,-08:00,2025-01-31T20:06:05-08:00,0,25
index.js,13,js,53309c6a,Lbangayan,2025-01-31,20:06:05,-08:00,2025-01-31T20:06:05-08:00,0,3
index.js,14,js,53309c6a,Lbangayan,2025-01-31,20:06:05,-08:00,2025-01-31T20:06:05-08:00,0,56
index.js,15,js,53309c6a,Lbangayan,2025-01-31,20:06:05,-08:00,2025-01-31T20:06:05-08:00,0,56
index.js,16,js,53309c6a,Lbangayan,2025-01-31,20:06:05,-08:00,2025-01-31T20:06:05-08:00,0,50
index.js,17,js,53309c6a,Lbangayan,2025-01-31,20:06:05,-08:00,2025-01-31T20:06:05-08:00,0,50
index.js,18,js,53309c6a,Lbangayan,2025-01-31,20:06:05,-08:00,2025-01-31T20:06:05-08:00,0,4
index.js,19,js,53309c6a,Lbangayan,2025-01-31,20:06:05,-08:00,2025-01-31T20:06:05-08:00,0,1
index.js,20,js,53309c6a,Lbangayan,2025-01-31,20:06:05,-08:00,2025-01-31T20:06:05-08:00,0,0
index.html,1,html,f67207cf,Lbangayan,2025-01-10,19:39:25,-08:00,2025-01-10T19:39:25-08:00,0,14
index.html,2,html,6279a0c6,Lbangayan,2025-01-25,01:14:36,-08:00,2025-01-25T01:14:36-08:00,0,74
index.html,3,html,f67207cf,Lbangayan,2025-01-10,19:39:25,-08:00,2025-01-10T19:39:25-08:00,0,5
index.html,4,html,f67207cf,Lbangayan,2025-01-10,19:39:25,-08:00,2025-01-10T19:39:25-08:00,0,21
index.html,5,html,f67207cf,Lbangayan,2025-01-10,19:39:25,-08:00,2025-01-10T19:39:25-08:00,0,69
index.html,6,html,fc21b46a,Lbangayan,2025-01-10,20:38:32,-08:00,2025-01-10T20:38:32-08:00,0,55
index.html,7,html,b200e2b8,Lbangayan,2025-01-17,22:09:21,-08:00,2025-01-17T22:09:21-08:00,0,68
index.html,8,html,f67207cf,Lbangayan,2025-01-10,19:39:25,-08:00,2025-01-10T19:39:25-08:00,0,6
index.html,9,html,f67207cf,Lbangayan,2025-01-10,19:39:25,-08:00,2025-01-10T19:39:25-08:00,0,5
index.html,10,html,b200e2b8,Lbangayan,2025-01-17,22:09:21,-08:00,2025-01-17T22:09:21-08:00,0,7
index.html,11,html,b200e2b8,Lbangayan,2025-01-17,22:09:21,-08:00,2025-01-17T22:09:21-08:00,0,49
index.html,12,html,b200e2b8,Lbangayan,2025-01-17,22:09:21,-08:00,2025-01-17T22:09:21-08:00,0,15
index.html,13,html,b200e2b8,Lbangayan,2025-01-17,22:09:21,-08:00,2025-01-17T22:09:21-08:00,0,8
index.html,14,html,b200e2b8,Lbangayan,2025-01-17,22:09:21,-08:00,2025-01-17T22:09:21-08:00,0,5
index.html,15,html,53309c6a,Lbangayan,2025-01-31,20:06:05,-08:00,2025-01-31T20:06:05-08:00,0,23
index.html,16,html,53309c6a,Lbangayan,2025-01-31,20:06:05,-08:00,2025-01-31T20:06:05-08:00,0,21
index.html,17,html,53309c6a,Lbangayan,2025-01-31,20:06:05,-08:00,2025-01-31T20:06:05-08:00,0,50
index.html,18,html,53309c6a,Lbangayan,2025-01-31,20:06:05,-08:00,2025-01-31T20:06:05-08:00,0,5
index.html,19,html,53309c6a,Lbangayan,2025-01-31,20:06:05,-08:00,2025-01-31T20:06:05-08:00,0,28
index.html,20,html,53309c6a,Lbangayan,2025-01-31,20:06:05,-08:00,2025-01-31T20:06:05-08:00,0,23
index.html,21,html,53309c6a,Lbangayan,2025-01-31,20:06:05,-08:00,2025-01-31T20:06:05-08:00,0,51
index.html,22,html,53309c6a,Lbangayan,2025-01-31,20:06:05,-08:00,2025-01-31T20:06:05-08:00,0,5
index.html,23,html,22465967,Lbangayan,2025-01-24,22:43:59,-08:00,2025-01-24T22:43:59-08:00,0,59
index.html,24,html,b200e2b8,Lbangayan,2025-01-17,22:09:21,-08:00,2025-01-17T22:09:21-08:00,0,6
index.html,25,html,19efd38b,Lbangayan,2025-01-24,17:41:34,-08:00,2025-01-24T17:41:34-08:00,0,85
index.html,26,html,53309c6a,Lbangayan,2025-01-31,20:06:05,-08:00,2025-01-31T20:06:05-08:00,0,51
index.html,27,html,f67207cf,Lbangayan,2025-01-10,19:39:25,-08:00,2025-01-10T19:39:25-08:00,0,6
index.html,28,html,fc21b46a,Lbangayan,2025-01-10,20:38:32,-08:00,2025-01-10T20:38:32-08:00,0,6
global.js,1,js,19efd38b,Lbangayan,2025-01-24,17:41:34,-08:00,2025-01-24T17:41:34-08:00,0,26
global.js,2,js,19efd38b,Lbangayan,2025-01-24,17:41:34,-08:00,2025-01-24T17:41:34-08:00,0,0
global.js,3,js,59b13eeb,Lbangayan,2025-01-24,23:05:37,-08:00,2025-01-24T23:05:37-08:00,0,45
global.js,4,js,59b13eeb,Lbangayan,2025-01-24,23:05:37,-08:00,2025-01-24T23:05:37-08:00,0,58
global.js,5,js,59b13eeb,Lbangayan,2025-01-24,23:05:37,-08:00,2025-01-24T23:05:37-08:00,0,3
global.js,6,js,19efd38b,Lbangayan,2025-01-24,17:41:34,-08:00,2025-01-24T17:41:34-08:00,0,0
global.js,7,js,19efd38b,Lbangayan,2025-01-24,17:41:34,-08:00,2025-01-24T17:41:34-08:00,0,12
global.js,8,js,6279a0c6,Lbangayan,2025-01-25,01:14:36,-08:00,2025-01-25T01:14:36-08:00,0,36
global.js,9,js,6279a0c6,Lbangayan,2025-01-25,01:14:36,-08:00,2025-01-25T01:14:36-08:00,0,49
global.js,10,js,6279a0c6,Lbangayan,2025-01-25,01:14:36,-08:00,2025-01-25T01:14:36-08:00,0,47
global.js,11,js,6279a0c6,Lbangayan,2025-01-25,01:14:36,-08:00,2025-01-25T01:14:36-08:00,0,43
global.js,12,js,19efd38b,Lbangayan,2025-01-24,17:41:34,-08:00,2025-01-24T17:41:34-08:00,0,56
global.js,13,js,19efd38b,Lbangayan,2025-01-24,17:41:34,-08:00,2025-01-24T17:41:34-08:00,0,1
global.js,14,js,19efd38b,Lbangayan,2025-01-24,17:41:34,-08:00,2025-01-24T17:41:34-08:00,0,0
global.js,15,js,19efd38b,Lbangayan,2025-01-24,17:41:34,-08:00,2025-01-24T17:41:34-08:00,0,39
global.js,16,js,19efd38b,Lbangayan,2025-01-24,17:41:34,-08:00,2025-01-24T17:41:34-08:00,0,26
global.js,17,js,19efd38b,Lbangayan,2025-01-24,17:41:34,-08:00,2025-01-24T17:41:34-08:00,0,0
global.js,18,js,19efd38b,Lbangayan,2025-01-24,17:41:34,-08:00,2025-01-24T17:41:34-08:00,0,71
global.js,19,js,19efd38b,Lbangayan,2025-01-24,17:41:34,-08:00,2025-01-24T17:41:34-08:00,0,0
global.js,20,js,faa7dc8d,Lbangayan,2025-01-24,23:29:36,-08:00,2025-01-24T23:29:36-08:00,0,86
global.js,21,js,faa7dc8d,Lbangayan,2025-01-24,23:29:36,-08:00,2025-01-24T23:29:36-08:00,0,0
global.js,22,js,faa7dc8d,Lbangayan,2025-01-24,23:29:36,-08:00,2025-01-24T23:29:36-08:00,0,0
global.js,23,js,19efd38b,Lbangayan,2025-01-24,17:41:34,-08:00,2025-01-24T17:41:34-08:00,0,21
global.js,24,js,19efd38b,Lbangayan,2025-01-24,17:41:34,-08:00,2025-01-24T17:41:34-08:00,0,15
global.js,25,js,19efd38b,Lbangayan,2025-01-24,17:41:34,-08:00,2025-01-24T17:41:34-08:00,0,19
global.js,26,js,e89f8722,Lbangayan,2025-01-25,00:45:54,-08:00,2025-01-25T00:45:54-08:00,0,0
global.js,27,js,6279a0c6,Lbangayan,2025-01-25,01:14:36,-08:00,2025-01-25T01:14:36-08:00,0,65
global.js,28,js,6279a0c6,Lbangayan,2025-01-25,01:14:36,-08:00,2025-01-25T01:14:36-08:00,0,0
global.js,29,js,45ae736b,Lbangayan,2025-01-25,00:38:39,-08:00,2025-01-25T00:38:39-08:00,0,0
global.js,30,js,19efd38b,Lbangayan,2025-01-24,17:41:34,-08:00,2025-01-24T17:41:34-08:00,0,35
global.js,31,js,19efd38b,Lbangayan,2025-01-24,17:41:34,-08:00,2025-01-24T17:41:34-08:00,0,12
global.js,32,js,19efd38b,Lbangayan,2025-01-24,17:41:34,-08:00,2025-01-24T17:41:34-08:00,0,21
global.js,33,js,018f457a,Lbangayan,2025-01-24,23:58:41,-08:00,2025-01-24T23:58:41-08:00,0,42
global.js,34,js,19efd38b,Lbangayan,2025-01-24,17:41:34,-08:00,2025-01-24T17:41:34-08:00,0,55
global.js,35,js,19efd38b,Lbangayan,2025-01-24,17:41:34,-08:00,2025-01-24T17:41:34-08:00,0,0
global.js,36,js,19efd38b,Lbangayan,2025-01-24,17:41:34,-08:00,2025-01-24T17:41:34-08:00,0,13
global.js,37,js,6279a0c6,Lbangayan,2025-01-25,01:14:36,-08:00,2025-01-25T01:14:36-08:00,0,18
global.js,38,js,6279a0c6,Lbangayan,2025-01-25,01:14:36,-08:00,2025-01-25T01:14:36-08:00,0,9
global.js,39,js,6279a0c6,Lbangayan,2025-01-25,01:14:36,-08:00,2025-01-25T01:14:36-08:00,0,59
global.js,40,js,6279a0c6,Lbangayan,2025-01-25,01:14:36,-08:00,2025-01-25T01:14:36-08:00,0,1
global.js,41,js,19efd38b,Lbangayan,2025-01-24,17:41:34,-08:00,2025-01-24T17:41:34-08:00,0,0
global.js,42,js,19efd38b,Lbangayan,2025-01-24,17:41:34,-08:00,2025-01-24T17:41:34-08:00,0,0
global.js,43,js,19efd38b,Lbangayan,2025-01-24,17:41:34,-08:00,2025-01-24T17:41:34-08:00,0,32
global.js,44,js,19efd38b,Lbangayan,2025-01-24,17:41:34,-08:00,2025-01-24T17:41:34-08:00,0,12
global.js,45,js,19efd38b,Lbangayan,2025-01-24,17:41:34,-08:00,2025-01-24T17:41:34-08:00,0,0
global.js,46,js,19efd38b,Lbangayan,2025-01-24,17:41:34,-08:00,2025-01-24T17:41:34-08:00,1,27
global.js,47,js,19efd38b,Lbangayan,2025-01-24,17:41:34,-08:00,2025-01-24T17:41:34-08:00,2,5
global.js,48,js,19efd38b,Lbangayan,2025-01-24,17:41:34,-08:00,2025-01-24T17:41:34-08:00,2,34
global.js,49,js,19efd38b,Lbangayan,2025-01-24,17:41:34,-08:00,2025-01-24T17:41:34-08:00,3,44
global.js,50,js,19efd38b,Lbangayan,2025-01-24,17:41:34,-08:00,2025-01-24T17:41:34-08:00,3,35
global.js,51,js,19efd38b,Lbangayan,2025-01-24,17:41:34,-08:00,2025-01-24T17:41:34-08:00,3,33
global.js,52,js,19efd38b,Lbangayan,2025-01-24,17:41:34,-08:00,2025-01-24T17:41:34-08:00,2,8
global.js,53,js,19efd38b,Lbangayan,2025-01-24,17:41:34,-08:00,2025-01-24T17:41:34-08:00,1,8
global.js,54,js,19efd38b,Lbangayan,2025-01-24,17:41:34,-08:00,2025-01-24T17:41:34-08:00,0,1
global.js,55,js,19efd38b,Lbangayan,2025-01-24,17:41:34,-08:00,2025-01-24T17:41:34-08:00,0,0
global.js,56,js,19efd38b,Lbangayan,2025-01-24,17:41:34,-08:00,2025-01-24T17:41:34-08:00,0,76
global.js,57,js,19efd38b,Lbangayan,2025-01-24,17:41:34,-08:00,2025-01-24T17:41:34-08:00,0,0
global.js,58,js,19efd38b,Lbangayan,2025-01-24,17:41:34,-08:00,2025-01-24T17:41:34-08:00,0,63
global.js,59,js,19efd38b,Lbangayan,2025-01-24,17:41:34,-08:00,2025-01-24T17:41:34-08:00,0,58
global.js,60,js,19efd38b,Lbangayan,2025-01-24,17:41:34,-08:00,2025-01-24T17:41:34-08:00,0,45
global.js,61,js,19efd38b,Lbangayan,2025-01-24,17:41:34,-08:00,2025-01-24T17:41:34-08:00,0,78
global.js,62,js,19efd38b,Lbangayan,2025-01-24,17:41:34,-08:00,2025-01-24T17:41:34-08:00,0,2
global.js,63,js,19efd38b,Lbangayan,2025-01-24,17:41:34,-08:00,2025-01-24T17:41:34-08:00,0,0
global.js,64,js,19efd38b,Lbangayan,2025-01-24,17:41:34,-08:00,2025-01-24T17:41:34-08:00,0,30
global.js,65,js,19efd38b,Lbangayan,2025-01-24,17:41:34,-08:00,2025-01-24T17:41:34-08:00,0,84
global.js,66,js,19efd38b,Lbangayan,2025-01-24,17:41:34,-08:00,2025-01-24T17:41:34-08:00,0,52
global.js,67,js,19efd38b,Lbangayan,2025-01-24,17:41:34,-08:00,2025-01-24T17:41:34-08:00,0,0
global.js,68,js,19efd38b,Lbangayan,2025-01-24,17:41:34,-08:00,2025-01-24T17:41:34-08:00,0,0
global.js,69,js,19efd38b,Lbangayan,2025-01-24,17:41:34,-08:00,2025-01-24T17:41:34-08:00,0,0
global.js,70,js,53309c6a,Lbangayan,2025-01-31,20:06:05,-08:00,2025-01-31T20:06:05-08:00,0,37
global.js,71,js,53309c6a,Lbangayan,2025-01-31,20:06:05,-08:00,2025-01-31T20:06:05-08:00,0,4
global.js,72,js,53309c6a,Lbangayan,2025-01-31,20:06:05,-08:00,2025-01-31T20:06:05-08:00,0,40
global.js,73,js,53309c6a,Lbangayan,2025-01-31,20:06:05,-08:00,2025-01-31T20:06:05-08:00,0,33
global.js,74,js,53309c6a,Lbangayan,2025-01-31,20:06:05,-08:00,2025-01-31T20:06:05-08:00,0,18
global.js,75,js,53309c6a,Lbangayan,2025-01-31,20:06:05,-08:00,2025-01-31T20:06:05-08:00,0,67
global.js,76,js,53309c6a,Lbangayan,2025-01-31,20:06:05,-08:00,2025-01-31T20:06:05-08:00,0,0
global.js,77,js,53309c6a,Lbangayan,2025-01-31,20:06:05,-08:00,2025-01-31T20:06:05-08:00,0,0
global.js,78,js,53309c6a,Lbangayan,2025-01-31,20:06:05,-08:00,2025-01-31T20:06:05-08:00,0,34
global.js,79,js,53309c6a,Lbangayan,2025-01-31,20:06:05,-08:00,2025-01-31T20:06:05-08:00,0,17
global.js,80,js,53309c6a,Lbangayan,2025-01-31,20:06:05,-08:00,2025-01-31T20:06:05-08:00,0,11
global.js,81,js,53309c6a,Lbangayan,2025-01-31,20:06:05,-08:00,2025-01-31T20:06:05-08:00,0,0
global.js,82,js,53309c6a,Lbangayan,2025-01-31,20:06:05,-08:00,2025-01-31T20:06:05-08:00,0,0
global.js,83,js,53309c6a,Lbangayan,2025-01-31,20:06:05,-08:00,2025-01-31T20:06:05-08:00,0,16
global.js,84,js,53309c6a,Lbangayan,2025-01-31,20:06:05,-08:00,2025-01-31T20:06:05-08:00,0,60
global.js,85,js,53309c6a,Lbangayan,2025-01-31,20:06:05,-08:00,2025-01-31T20:06:05-08:00,0,0
global.js,86,js,53309c6a,Lbangayan,2025-01-31,20:06:05,-08:00,2025-01-31T20:06:05-08:00,0,0
global.js,87,js,53309c6a,Lbangayan,2025-01-31,20:06:05,-08:00,2025-01-31T20:06:05-08:00,0,0
global.js,88,js,53309c6a,Lbangayan,2025-01-31,20:06:05,-08:00,2025-01-31T20:06:05-08:00,0,80
global.js,89,js,53309c6a,Lbangayan,2025-01-31,20:06:05,-08:00,2025-01-31T20:06:05-08:00,0,31
global.js,90,js,53309c6a,Lbangayan,2025-01-31,20:06:05,-08:00,2025-01-31T20:06:05-08:00,0,30
global.js,91,js,53309c6a,Lbangayan,2025-01-31,20:06:05,-08:00,2025-01-31T20:06:05-08:00,0,47
global.js,92,js,53309c6a,Lbangayan,2025-01-31,20:06:05,-08:00,2025-01-31T20:06:05-08:00,0,20
global.js,93,js,53309c6a,Lbangayan,2025-01-31,20:06:05,-08:00,2025-01-31T20:06:05-08:00,0,50
global.js,94,js,53309c6a,Lbangayan,2025-01-31,20:06:05,-08:00,2025-01-31T20:06:05-08:00,0,50
global.js,95,js,d4840fa4,Lbangayan,2025-02-07,22:02:07,-08:00,2025-02-07T22:02:07-08:00,0,28
global.js,96,js,d4840fa4,Lbangayan,2025-02-07,22:02:07,-08:00,2025-02-07T22:02:07-08:00,0,28
global.js,97,js,d4840fa4,Lbangayan,2025-02-07,22:02:07,-08:00,2025-02-07T22:02:07-08:00,0,65
global.js,98,js,d4840fa4,Lbangayan,2025-02-07,22:02:07,-08:00,2025-02-07T22:02:07-08:00,0,5
global.js,99,js,53309c6a,Lbangayan,2025-01-31,20:06:05,-08:00,2025-01-31T20:06:05-08:00,0,1
global.js,100,js,53309c6a,Lbangayan,2025-01-31,20:06:05,-08:00,2025-01-31T20:06:05-08:00,0,37
global.js,101,js,53309c6a,Lbangayan,2025-01-31,20:06:05,-08:00,2025-01-31T20:06:05-08:00,0,0
global.js,102,js,53309c6a,Lbangayan,2025-01-31,20:06:05,-08:00,2025-01-31T20:06:05-08:00,0,48
global.js,103,js,53309c6a,Lbangayan,2025-01-31,20:06:05,-08:00,2025-01-31T20:06:05-08:00,0,68
global.js,104,js,53309c6a,Lbangayan,2025-01-31,20:06:05,-08:00,2025-01-31T20:06:05-08:00,0,25
global.js,105,js,53309c6a,Lbangayan,2025-01-31,20:06:05,-08:00,2025-01-31T20:06:05-08:00,0,49
global.js,106,js,53309c6a,Lbangayan,2025-01-31,20:06:05,-08:00,2025-01-31T20:06:05-08:00,0,0
global.js,107,js,53309c6a,Lbangayan,2025-01-31,20:06:05,-08:00,2025-01-31T20:06:05-08:00,0,0
global.js,108,js,53309c6a,Lbangayan,2025-01-31,20:06:05,-08:00,2025-01-31T20:06:05-08:00,0,0
global.js,109,js,53309c6a,Lbangayan,2025-01-31,20:06:05,-08:00,2025-01-31T20:06:05-08:00,0,48
global.js,110,js,53309c6a,Lbangayan,2025-01-31,20:06:05,-08:00,2025-01-31T20:06:05-08:00,0,23
global.js,111,js,53309c6a,Lbangayan,2025-01-31,20:06:05,-08:00,2025-01-31T20:06:05-08:00,0,60
global.js,112,js,53309c6a,Lbangayan,2025-01-31,20:06:05,-08:00,2025-01-31T20:06:05-08:00,0,0
global.js,113,js,53309c6a,Lbangayan,2025-01-31,20:06:05,-08:00,2025-01-31T20:06:05-08:00,0,0
meta/index.html,1,html,ab71e47b,Lbangayan,2025-02-15,03:56:16,-08:00,2025-02-15T03:56:16-08:00,0,14
meta/index.html,2,html,ab71e47b,Lbangayan,2025-02-15,03:56:16,-08:00,2025-02-15T03:56:16-08:00,0,15
meta/index.html,3,html,ab71e47b,Lbangayan,2025-02-15,03:56:16,-08:00,2025-02-15T03:56:16-08:00,0,5
meta/index.html,4,html,ab71e47b,Lbangayan,2025-02-15,03:56:16,-08:00,2025-02-15T03:56:16-08:00,0,21
meta/index.html,5,html,ab71e47b,Lbangayan,2025-02-15,03:56:16,-08:00,2025-02-15T03:56:16-08:00,0,69
meta/index.html,6,html,ab71e47b,Lbangayan,2025-02-15,03:56:16,-08:00,2025-02-15T03:56:16-08:00,0,22
meta/index.html,7,html,ab71e47b,Lbangayan,2025-02-15,03:56:16,-08:00,2025-02-15T03:56:16-08:00,0,6
meta/index.html,8,html,ab71e47b,Lbangayan,2025-02-15,03:56:16,-08:00,2025-02-15T03:56:16-08:00,0,5
meta/index.html,9,html,ab71e47b,Lbangayan,2025-02-15,03:56:16,-08:00,2025-02-15T03:56:16-08:00,0,31
meta/index.html,10,html,ab71e47b,Lbangayan,2025-02-15,03:56:16,-08:00,2025-02-15T03:56:16-08:00,0,6
meta/index.html,11,html,ab71e47b,Lbangayan,2025-02-15,03:56:16,-08:00,2025-02-15T03:56:16-08:00,0,6
Projects/projects.js,1,js,d4840fa4,Lbangayan,2025-02-07,22:02:07,-08:00,2025-02-07T22:02:07-08:00,0,64
Projects/projects.js,2,js,53309c6a,Lbangayan,2025-01-31,20:06:05,-08:00,2025-01-31T20:06:05-08:00,0,56
Projects/projects.js,3,js,d4840fa4,Lbangayan,2025-02-07,22:02:07,-08:00,2025-02-07T22:02:07-08:00,0,0
Projects/projects.js,4,js,53309c6a,Lbangayan,2025-01-31,20:06:05,-08:00,2025-01-31T20:06:05-08:00,0,56
Projects/projects.js,5,js,53309c6a,Lbangayan,2025-01-31,20:06:05,-08:00,2025-01-31T20:06:05-08:00,0,61
Projects/projects.js,6,js,53309c6a,Lbangayan,2025-01-31,20:06:05,-08:00,2025-01-31T20:06:05-08:00,0,49
Projects/projects.js,7,js,d4840fa4,Lbangayan,2025-02-07,22:02:07,-08:00,2025-02-07T22:02:07-08:00,0,0
Projects/projects.js,8,js,d4840fa4,Lbangayan,2025-02-07,22:02:07,-08:00,2025-02-07T22:02:07-08:00,0,22
Projects/projects.js,9,js,d4840fa4,Lbangayan,2025-02-07,22:02:07,-08:00,2025-02-07T22:02:07-08:00,0,0
Projects/projects.js,10,js,d4840fa4,Lbangayan,2025-02-07,22:02:07,-08:00,2025-02-07T22:02:07-08:00,0,39
Projects/projects.js,11,js,d4840fa4,Lbangayan,2025-02-07,22:02:07,-08:00,2025-02-07T22:02:07-08:00,0,39
Projects/projects.js,12,js,d4840fa4,Lbangayan,2025-02-07,22:02:07,-08:00,2025-02-07T22:02:07-08:00,0,26
Projects/projects.js,13,js,d4840fa4,Lbangayan,2025-02-07,22:02:07,-08:00,2025-02-07T22:02:07-08:00,0,30
Projects/projects.js,14,js,d4840fa4,Lbangayan,2025-02-07,22:02:07,-08:00,2025-02-07T22:02:07-08:00,0,33
Projects/projects.js,15,js,d4840fa4,Lbangayan,2025-02-07,22:02:07,-08:00,2025-02-07T22:02:07-08:00,0,31
Projects/projects.js,16,js,d4840fa4,Lbangayan,2025-02-07,22:02:07,-08:00,2025-02-07T22:02:07-08:00,0,0
Projects/projects.js,17,js,d4840fa4,Lbangayan,2025-02-07,22:02:07,-08:00,2025-02-07T22:02:07-08:00,0,26
Projects/projects.js,18,js,d4840fa4,Lbangayan,2025-02-07,22:02:07,-08:00,2025-02-07T22:02:07-08:00,0,30
Projects/projects.js,19,js,d4840fa4,Lbangayan,2025-02-07,22:02:07,-08:00,2025-02-07T22:02:07-08:00,0,13
Projects/projects.js,20,js,d4840fa4,Lbangayan,2025-02-07,22:02:07,-08:00,2025-02-07T22:02:07-08:00,0,15
Projects/projects.js,21,js,d4840fa4,Lbangayan,2025-02-07,22:02:07,-08:00,2025-02-07T22:02:07-08:00,0,13
Projects/projects.js,22,js,d4840fa4,Lbangayan,2025-02-07,22:02:07,-08:00,2025-02-07T22:02:07-08:00,0,1
Projects/projects.js,23,js,d4840fa4,Lbangayan,2025-02-07,22:02:07,-08:00,2025-02-07T22:02:07-08:00,0,0
Projects/projects.js,24,js,d4840fa4,Lbangayan,2025-02-07,22:02:07,-08:00,2025-02-07T22:02:07-08:00,0,19
Projects/projects.js,25,js,d4840fa4,Lbangayan,2025-02-07,22:02:07,-08:00,2025-02-07T22:02:07-08:00,0,51
Projects/projects.js,26,js,d4840fa4,Lbangayan,2025-02-07,22:02:07,-08:00,2025-02-07T22:02:07-08:00,0,36
Projects/projects.js,27,js,d4840fa4,Lbangayan,2025-02-07,22:02:07,-08:00,2025-02-07T22:02:07-08:00,0,2
Projects/projects.js,28,js,d4840fa4,Lbangayan,2025-02-07,22:02:07,-08:00,2025-02-07T22:02:07-08:00,0,0
Projects/projects.js,29,js,d4840fa4,Lbangayan,2025-02-07,22:02:07,-08:00,2025-02-07T22:02:07-08:00,0,51
Projects/projects.js,30,js,d4840fa4,Lbangayan,2025-02-07,22:02:07,-08:00,2025-02-07T22:02:07-08:00,0,51
Projects/projects.js,31,js,d4840fa4,Lbangayan,2025-02-07,22:02:07,-08:00,2025-02-07T22:02:07-08:00,0,37
Projects/projects.js,32,js,d4840fa4,Lbangayan,2025-02-07,22:02:07,-08:00,2025-02-07T22:02:07-08:00,0,58
Projects/projects.js,33,js,d4840fa4,Lbangayan,2025-02-07,22:02:07,-08:00,2025-02-07T22:02:07-08:00,0,46
Projects/projects.js,34,js,d4840fa4,Lbangayan,2025-02-07,22:02:07,-08:00,2025-02-07T22:02:07-08:00,0,0
Projects/projects.js,35,js,d4840fa4,Lbangayan,2025-02-07,22:02:07,-08:00,2025-02-07T22:02:07-08:00,0,15
Projects/projects.js,36,js,d4840fa4,Lbangayan,2025-02-07,22:02:07,-08:00,2025-02-07T22:02:07-08:00,0,48
Projects/projects.js,37,js,d4840fa4,Lbangayan,2025-02-07,22:02:07,-08:00,2025-02-07T22:02:07-08:00,0,0
Projects/projects.js,38,js,d4840fa4,Lbangayan,2025-02-07,22:02:07,-08:00,2025-02-07T22:02:07-08:00,0,14
Projects/projects.js,39,js,d4840fa4,Lbangayan,2025-02-07,22:02:07,-08:00,2025-02-07T22:02:07-08:00,0,27
Projects/projects.js,40,js,d4840fa4,Lbangayan,2025-02-07,22:02:07,-08:00,2025-02-07T22:02:07-08:00,0,17
Projects/projects.js,41,js,d4840fa4,Lbangayan,2025-02-07,22:02:07,-08:00,2025-02-07T22:02:07-08:00,0,14
Projects/projects.js,42,js,d4840fa4,Lbangayan,2025-02-07,22:02:07,-08:00,2025-02-07T22:02:07-08:00,0,25
Projects/projects.js,43,js,d4840fa4,Lbangayan,2025-02-07,22:02:07,-08:00,2025-02-07T22:02:07-08:00,0,61
Projects/projects.js,44,js,d4840fa4,Lbangayan,2025-02-07,22:02:07,-08:00,2025-02-07T22:02:07-08:00,0,19
Projects/projects.js,45,js,d4840fa4,Lbangayan,2025-02-07,22:02:07,-08:00,2025-02-07T22:02:07-08:00,0,48
Projects/projects.js,46,js,d4840fa4,Lbangayan,2025-02-07,22:02:07,-08:00,2025-02-07T22:02:07-08:00,0,0
Projects/projects.js,47,js,d4840fa4,Lbangayan,2025-02-07,22:02:07,-08:00,2025-02-07T22:02:07-08:00,0,20
Projects/projects.js,48,js,d4840fa4,Lbangayan,2025-02-07,22:02:07,-08:00,2025-02-07T22:02:07-08:00,0,25
Projects/projects.js,49,js,d4840fa4,Lbangayan,2025-02-07,22:02:07,-08:00,2025-02-07T22:02:07-08:00,0,55
Projects/projects.js,50,js,d4840fa4,Lbangayan,2025-02-07,22:02:07,-08:00,2025-02-07T22:02:07-08:00,0,2
Projects/projects.js,51,js,d4840fa4,Lbangayan,2025-02-07,22:02:07,-08:00,2025-02-07T22:02:07-08:00,0,0
Projects/projects.js,52,js,d4840fa4,Lbangayan,2025-02-07,22:02:07,-08:00,2025-02-07T22:02:07-08:00,0,21
Projects/projects.js,53,js,d4840fa4,Lbangayan,2025-02-07,22:02:07,-08:00,2025-02-07T22:02:07-08:00,0,25
Projects/projects.js,54,js,d4840fa4,Lbangayan,2025-02-07,22:02:07,-08:00,2025-02-07T22:02:07-08:00,0,59
Projects/projects.js,55,js,d4840fa4,Lbangayan,2025-02-07,22:02:07,-08:00,2025-02-07T22:02:07-08:00,0,2
Projects/projects.js,56,js,d4840fa4,Lbangayan,2025-02-07,22:02:07,-08:00,2025-02-07T22:02:07-08:00,0,0
Projects/projects.js,57,js,d4840fa4,Lbangayan,2025-02-07,22:02:07,-08:00,2025-02-07T22:02:07-08:00,0,34
Projects/projects.js,58,js,d4840fa4,Lbangayan,2025-02-07,22:02:07,-08:00,2025-02-07T22:02:07-08:00,0,26
Projects/projects.js,59,js,d4840fa4,Lbangayan,2025-02-07,22:02:07,-08:00,2025-02-07T22:02:07-08:00,0,49
Projects/projects.js,60,js,d4840fa4,Lbangayan,2025-02-07,22:02:07,-08:00,2025-02-07T22:02:07-08:00,0,7
Projects/projects.js,61,js,d4840fa4,Lbangayan,2025-02-07,22:02:07,-08:00,2025-02-07T22:02:07-08:00,0,47
Projects/projects.js,62,js,d4840fa4,Lbangayan,2025-02-07,22:02:07,-08:00,2025-02-07T22:02:07-08:00,0,82
Projects/projects.js,63,js,d4840fa4,Lbangayan,2025-02-07,22:02:07,-08:00,2025-02-07T22:02:07-08:00,0,57
Projects/projects.js,64,js,d4840fa4,Lbangayan,2025-02-07,22:02:07,-08:00,2025-02-07T22:02:07-08:00,0,0
Projects/projects.js,65,js,d4840fa4,Lbangayan,2025-02-07,22:02:07,-08:00,2025-02-07T22:02:07-08:00,0,2
Projects/projects.js,66,js,d4840fa4,Lbangayan,2025-02-07,22:02:07,-08:00,2025-02-07T22:02:07-08:00,0,2
Projects/projects.js,67,js,d4840fa4,Lbangayan,2025-02-07,22:02:07,-08:00,2025-02-07T22:02:07-08:00,0,0
Projects/projects.js,68,js,d4840fa4,Lbangayan,2025-02-07,22:02:07,-08:00,2025-02-07T22:02:07-08:00,0,15
Projects/projects.js,69,js,d4840fa4,Lbangayan,2025-02-07,22:02:07,-08:00,2025-02-07T22:02:07-08:00,0,28
Projects/projects.js,70,js,d4840fa4,Lbangayan,2025-02-07,22:02:07,-08:00,2025-02-07T22:02:07-08:00,0,18
Projects/projects.js,71,js,d4840fa4,Lbangayan,2025-02-07,22:02:07,-08:00,2025-02-07T22:02:07-08:00,0,39
Projects/projects.js,72,js,d4840fa4,Lbangayan,2025-02-07,22:02:07,-08:00,2025-02-07T22:02:07-08:00,0,28
Projects/projects.js,73,js,d4840fa4,Lbangayan,2025-02-07,22:02:07,-08:00,2025-02-07T22:02:07-08:00,0,69
Projects/projects.js,74,js,d4840fa4,Lbangayan,2025-02-07,22:02:07,-08:00,2025-02-07T22:02:07-08:00,0,19
Projects/projects.js,75,js,d4840fa4,Lbangayan,2025-02-07,22:02:07,-08:00,2025-02-07T22:02:07-08:00,0,48
Projects/projects.js,76,js,d4840fa4,Lbangayan,2025-02-07,22:02:07,-08:00,2025-02-07T22:02:07-08:00,0,0
Projects/projects.js,77,js,d4840fa4,Lbangayan,2025-02-07,22:02:07,-08:00,2025-02-07T22:02:07-08:00,0,20
Projects/projects.js,78,js,d4840fa4,Lbangayan,2025-02-07,22:02:07,-08:00,2025-02-07T22:02:07-08:00,0,25
Projects/projects.js,79,js,d4840fa4,Lbangayan,2025-02-07,22:02:07,-08:00,2025-02-07T22:02:07-08:00,0,55
Projects/projects.js,80,js,d4840fa4,Lbangayan,2025-02-07,22:02:07,-08:00,2025-02-07T22:02:07-08:00,0,2
Projects/projects.js,81,js,d4840fa4,Lbangayan,2025-02-07,22:02:07,-08:00,2025-02-07T22:02:07-08:00,0,0
Projects/projects.js,82,js,d4840fa4,Lbangayan,2025-02-07,22:02:07,-08:00,2025-02-07T22:02:07-08:00,0,21
Projects/projects.js,83,js,d4840fa4,Lbangayan,2025-02-07,22:02:07,-08:00,2025-02-07T22:02:07-08:00,0,25
Projects/projects.js,84,js,d4840fa4,Lbangayan,2025-02-07,22:02:07,-08:00,2025-02-07T22:02:07-08:00,0,59
Projects/projects.js,85,js,d4840fa4,Lbangayan,2025-02-07,22:02:07,-08:00,2025-02-07T22:02:07-08:00,0,2
Projects/projects.js,86,js,d4840fa4,Lbangayan,2025-02-07,22:02:07,-08:00,2025-02-07T22:02:07-08:00,0,0
Projects/projects.js,87,js,d4840fa4,Lbangayan,2025-02-07,22:02:07,-08:00,2025-02-07T22:02:07-08:00,0,34
Projects/projects.js,88,js,d4840fa4,Lbangayan,2025-02-07,22:02:07,-08:00,2025-02-07T22:02:07-08:00,0,26
Projects/projects.js,89,js,d4840fa4,Lbangayan,2025-02-07,22:02:07,-08:00,2025-02-07T22:02:07-08:00,0,49
Projects/projects.js,90,js,d4840fa4,Lbangayan,2025-02-07,22:02:07,-08:00,2025-02-07T22:02:07-08:00,0,7
Projects/projects.js,91,js,d4840fa4,Lbangayan,2025-02-07,22:02:07,-08:00,2025-02-07T22:02:07-08:00,0,47
Projects/projects.js,92,js,d4840fa4,Lbangayan,2025-02-07,22:02:07,-08:00,2025-02-07T22:02:07-08:00,0,82
Projects/projects.js,93,js,d4840fa4,Lbangayan,2025-02-07,22:02:07,-08:00,2025-02-07T22:02:07-08:00,0,57
Projects/projects.js,94,js,d4840fa4,Lbangayan,2025-02-07,22:02:07,-08:00,2025-02-07T22:02:07-08:00,0,0
Projects/projects.js,95,js,d4840fa4,Lbangayan,2025-02-07,22:02:07,-08:00,2025-02-07T22:02:07-08:00,0,2
Projects/projects.js,96,js,d4840fa4,Lbangayan,2025-02-07,22:02:07,-08:00,2025-02-07T22:02:07-08:00,0,2
Projects/projects.js,97,js,d4840fa4,Lbangayan,2025-02-07,22:02:07,-08:00,2025-02-07T22:02:07-08:00,0,0
Projects/projects.js,98,js,d4840fa4,Lbangayan,2025-02-07,22:02:07,-08:00,2025-02-07T22:02:07-08:00,0,0
Projects/projects.js,99,js,d4840fa4,Lbangayan,2025-02-07,22:02:07,-08:00,2025-02-07T22:02:07-08:00,0,33
Projects/projects.js,100,js,d4840fa4,Lbangayan,2025-02-07,22:02:07,-08:00,2025-02-07T22:02:07-08:00,0,24
Projects/projects.js,101,js,d4840fa4,Lbangayan,2025-02-07,22:02:07,-08:00,2025-02-07T22:02:07-08:00,0,0
Projects/projects.js,102,js,d4840fa4,Lbangayan,2025-02-07,22:02:07,-08:00,2025-02-07T22:02:07-08:00,0,14
Projects/projects.js,103,js,d4840fa4,Lbangayan,2025-02-07,22:02:07,-08:00,2025-02-07T22:02:07-08:00,0,54
Projects/projects.js,104,js,d4840fa4,Lbangayan,2025-02-07,22:02:07,-08:00,2025-02-07T22:02:07-08:00,0,50
Projects/projects.js,105,js,d4840fa4,Lbangayan,2025-02-07,22:02:07,-08:00,2025-02-07T22:02:07-08:00,0,20
Projects/projects.js,106,js,d4840fa4,Lbangayan,2025-02-07,22:02:07,-08:00,2025-02-07T22:02:07-08:00,0,26
Projects/projects.js,107,js,d4840fa4,Lbangayan,2025-02-07,22:02:07,-08:00,2025-02-07T22:02:07-08:00,0,17
Projects/projects.js,108,js,d4840fa4,Lbangayan,2025-02-07,22:02:07,-08:00,2025-02-07T22:02:07-08:00,0,52
Projects/projects.js,109,js,d4840fa4,Lbangayan,2025-02-07,22:02:07,-08:00,2025-02-07T22:02:07-08:00,0,60
Projects/projects.js,110,js,d4840fa4,Lbangayan,2025-02-07,22:02:07,-08:00,2025-02-07T22:02:07-08:00,0,43
Projects/projects.js,111,js,d4840fa4,Lbangayan,2025-02-07,22:02:07,-08:00,2025-02-07T22:02:07-08:00,0,2
Projects/projects.js,112,js,d4840fa4,Lbangayan,2025-02-07,22:02:07,-08:00,2025-02-07T22:02:07-08:00,0,26
Projects/projects.js,113,js,d4840fa4,Lbangayan,2025-02-07,22:02:07,-08:00,2025-02-07T22:02:07-08:00,0,57
Projects/projects.js,114,js,d4840fa4,Lbangayan,2025-02-07,22:02:07,-08:00,2025-02-07T22:02:07-08:00,0,53
Projects/projects.js,115,js,d4840fa4,Lbangayan,2025-02-07,22:02:07,-08:00,2025-02-07T22:02:07-08:00,0,32
Projects/projects.js,116,js,d4840fa4,Lbangayan,2025-02-07,22:02:07,-08:00,2025-02-07T22:02:07-08:00,0,2
Projects/index.html,1,html,fc21b46a,Lbangayan,2025-01-10,20:38:32,-08:00,2025-01-10T20:38:32-08:00,0,14
Projects/index.html,2,html,fc21b46a,Lbangayan,2025-01-10,20:38:32,-08:00,2025-01-10T20:38:32-08:00,0,15
Projects/index.html,3,html,fc21b46a,Lbangayan,2025-01-10,20:38:32,-08:00,2025-01-10T20:38:32-08:00,0,5
Projects/index.html,4,html,fc21b46a,Lbangayan,2025-01-10,20:38:32,-08:00,2025-01-10T20:38:32-08:00,0,21
Projects/index.html,5,html,fc21b46a,Lbangayan,2025-01-10,20:38:32,-08:00,2025-01-10T20:38:32-08:00,0,69
Projects/index.html,6,html,fc21b46a,Lbangayan,2025-01-10,20:38:32,-08:00,2025-01-10T20:38:32-08:00,0,28
Projects/index.html,7,html,b200e2b8,Lbangayan,2025-01-17,22:09:21,-08:00,2025-01-17T22:09:21-08:00,0,73
Projects/index.html,8,html,fc21b46a,Lbangayan,2025-01-10,20:38:32,-08:00,2025-01-10T20:38:32-08:00,0,6
Projects/index.html,9,html,fc21b46a,Lbangayan,2025-01-10,20:38:32,-08:00,2025-01-10T20:38:32-08:00,0,5
Projects/index.html,10,html,19efd38b,Lbangayan,2025-01-24,17:41:34,-08:00,2025-01-24T17:41:34-08:00,0,0
Projects/index.html,11,html,d4840fa4,Lbangayan,2025-02-07,22:02:07,-08:00,2025-02-07T22:02:07-08:00,0,0
Projects/index.html,12,html,d4840fa4,Lbangayan,2025-02-07,22:02:07,-08:00,2025-02-07T22:02:07-08:00,0,7
Projects/index.html,13,html,b200e2b8,Lbangayan,2025-01-17,22:09:21,-08:00,2025-01-17T22:09:21-08:00,0,8
Projects/index.html,14,html,b200e2b8,Lbangayan,2025-01-17,22:09:21,-08:00,2025-01-17T22:09:21-08:00,0,5
Projects/index.html,15,html,53309c6a,Lbangayan,2025-01-31,20:06:05,-08:00,2025-01-31T20:06:05-08:00,0,137
Projects/index.html,16,html,d4840fa4,Lbangayan,2025-02-07,22:02:07,-08:00,2025-02-07T22:02:07-08:00,0,22
Projects/index.html,17,html,d4840fa4,Lbangayan,2025-02-07,22:02:07,-08:00,2025-02-07T22:02:07-08:00,0,53
Projects/index.html,18,html,d4840fa4,Lbangayan,2025-02-07,22:02:07,-08:00,2025-02-07T22:02:07-08:00,0,5
Projects/index.html,19,html,d4840fa4,Lbangayan,2025-02-07,22:02:07,-08:00,2025-02-07T22:02:07-08:00,0,23
Projects/index.html,20,html,d4840fa4,Lbangayan,2025-02-07,22:02:07,-08:00,2025-02-07T22:02:07-08:00,0,5
Projects/index.html,21,html,d4840fa4,Lbangayan,2025-02-07,22:02:07,-08:00,2025-02-07T22:02:07-08:00,0,5
Projects/index.html,22,html,d4840fa4,Lbangayan,2025-02-07,22:02:07,-08:00,2025-02-07T22:02:07-08:00,0,16
Projects/index.html,23,html,d4840fa4,Lbangayan,2025-02-07,22:02:07,-08:00,2025-02-07T22:02:07-08:00,0,12
Projects/index.html,24,html,d4840fa4,Lbangayan,2025-02-07,22:02:07,-08:00,2025-02-07T22:02:07-08:00,0,27
Projects/index.html,25,html,d4840fa4,Lbangayan,2025-02-07,22:02:07,-08:00,2025-02-07T22:02:07-08:00,0,32
Projects/index.html,26,html,d4840fa4,Lbangayan,2025-02-07,22:02:07,-08:00,2025-02-07T22:02:07-08:00,0,1
Projects/index.html,27,html,b200e2b8,Lbangayan,2025-01-17,22:09:21,-08:00,2025-01-17T22:09:21-08:00,0,21
Projects/index.html,28,html,53309c6a,Lbangayan,2025-01-31,20:06:05,-08:00,2025-01-31T20:06:05-08:00,0,50
Projects/index.html,29,html,b200e2b8,Lbangayan,2025-01-17,22:09:21,-08:00,2025-01-17T22:09:21-08:00,0,5
Projects/index.html,30,html,53309c6a,Lbangayan,2025-01-31,20:06:05,-08:00,2025-01-31T20:06:05-08:00,0,49
Projects/index.html,31,html,53309c6a,Lbangayan,2025-01-31,20:06:05,-08:00,2025-01-31T20:06:05-08:00,0,48
Projects/index.html,32,html,b200e2b8,Lbangayan,2025-01-17,22:09:21,-08:00,2025-01-17T22:09:21-08:00,0,6
Projects/index.html,33,html,19efd38b,Lbangayan,2025-01-24,17:41:34,-08:00,2025-01-24T17:41:34-08:00,0,88
Projects/index.html,34,html,fc21b46a,Lbangayan,2025-01-10,20:38:32,-08:00,2025-01-10T20:38:32-08:00,0,6
Projects/index.html,35,html,fc21b46a,Lbangayan,2025-01-10,20:38:32,-08:00,2025-01-10T20:38:32-08:00,0,6
Cover/index.html,1,html,fc21b46a,Lbangayan,2025-01-10,20:38:32,-08:00,2025-01-10T20:38:32-08:00,0,14
Cover/index.html,2,html,fc21b46a,Lbangayan,2025-01-10,20:38:32,-08:00,2025-01-10T20:38:32-08:00,0,15
Cover/index.html,3,html,fc21b46a,Lbangayan,2025-01-10,20:38:32,-08:00,2025-01-10T20:38:32-08:00,0,5
Cover/index.html,4,html,fc21b46a,Lbangayan,2025-01-10,20:38:32,-08:00,2025-01-10T20:38:32-08:00,0,21
Cover/index.html,5,html,fc21b46a,Lbangayan,2025-01-10,20:38:32,-08:00,2025-01-10T20:38:32-08:00,0,69
Cover/index.html,6,html,fc21b46a,Lbangayan,2025-01-10,20:38:32,-08:00,2025-01-10T20:38:32-08:00,0,31
Cover/index.html,7,html,b200e2b8,Lbangayan,2025-01-17,22:09:21,-08:00,2025-01-17T22:09:21-08:00,0,73
Cover/index.html,8,html,fc21b46a,Lbangayan,2025-01-10,20:38:32,-08:00,2025-01-10T20:38:32-08:00,0,6
Cover/index.html,9,html,fc21b46a,Lbangayan,2025-01-10,20:38:32,-08:00,2025-01-10T20:38:32-08:00,0,5
Cover/index.html,10,html,fc21b46a,Lbangayan,2025-01-10,20:38:32,-08:00,2025-01-10T20:38:32-08:00,0,7
Cover/index.html,11,html,fc21b46a,Lbangayan,2025-01-10,20:38:32,-08:00,2025-01-10T20:38:32-08:00,0,20
Cover/index.html,12,html,fc21b46a,Lbangayan,2025-01-10,20:38:32,-08:00,2025-01-10T20:38:32-08:00,0,178
Cover/index.html,13,html,fc21b46a,Lbangayan,2025-01-10,20:38:32,-08:00,2025-01-10T20:38:32-08:00,0,8
Cover/index.html,14,html,fc21b46a,Lbangayan,2025-01-10,20:38:32,-08:00,2025-01-10T20:38:32-08:00,0,5
Cover/index.html,15,html,fc21b46a,Lbangayan,2025-01-10,20:38:32,-08:00,2025-01-10T20:38:32-08:00,0,8
Cover/index.html,16,html,fc21b46a,Lbangayan,2025-01-10,20:38:32,-08:00,2025-01-10T20:38:32-08:00,0,7
Cover/index.html,17,html,fc21b46a,Lbangayan,2025-01-10,20:38:32,-08:00,2025-01-10T20:38:32-08:00,0,17
Cover/index.html,18,html,fc21b46a,Lbangayan,2025-01-10,20:38:32,-08:00,2025-01-10T20:38:32-08:00,0,8
Cover/index.html,19,html,fc21b46a,Lbangayan,2025-01-10,20:38:32,-08:00,2025-01-10T20:38:32-08:00,0,8
Cover/index.html,20,html,fc21b46a,Lbangayan,2025-01-10,20:38:32,-08:00,2025-01-10T20:38:32-08:00,0,42
Cover/index.html,21,html,fc21b46a,Lbangayan,2025-01-10,20:38:32,-08:00,2025-01-10T20:38:32-08:00,0,39
Cover/index.html,22,html,fc21b46a,Lbangayan,2025-01-10,20:38:32,-08:00,2025-01-10T20:38:32-08:00,0,14
Cover/index.html,23,html,fc21b46a,Lbangayan,2025-01-10,20:38:32,-08:00,2025-01-10T20:38:32-08:00,0,66
Cover/index.html,24,html,fc21b46a,Lbangayan,2025-01-10,20:38:32,-08:00,2025-01-10T20:38:32-08:00,0,9
Cover/index.html,25,html,fc21b46a,Lbangayan,2025-01-10,20:38:32,-08:00,2025-01-10T20:38:32-08:00,0,9
Cover/index.html,26,html,fc21b46a,Lbangayan,2025-01-10,20:38:32,-08:00,2025-01-10T20:38:32-08:00,0,8
Cover/index.html,27,html,fc21b46a,Lbangayan,2025-01-10,20:38:32,-08:00,2025-01-10T20:38:32-08:00,0,7
Cover/index.html,28,html,fc21b46a,Lbangayan,2025-01-10,20:38:32,-08:00,2025-01-10T20:38:32-08:00,0,26
Cover/index.html,29,html,fc21b46a,Lbangayan,2025-01-10,20:38:32,-08:00,2025-01-10T20:38:32-08:00,0,8
Cover/index.html,30,html,fc21b46a,Lbangayan,2025-01-10,20:38:32,-08:00,2025-01-10T20:38:32-08:00,0,8
Cover/index.html,31,html,fc21b46a,Lbangayan,2025-01-10,20:38:32,-08:00,2025-01-10T20:38:32-08:00,0,40
Cover/index.html,32,html,fc21b46a,Lbangayan,2025-01-10,20:38:32,-08:00,2025-01-10T20:38:32-08:00,0,3
Cover/index.html,33,html,fc21b46a,Lbangayan,2025-01-10,20:38:32,-08:00,2025-01-10T20:38:32-08:00,0,128
Cover/index.html,34,html,fc21b46a,Lbangayan,2025-01-10,20:38:32,-08:00,2025-01-10T20:38:32-08:00,0,103
Cover/index.html,35,html,fc21b46a,Lbangayan,2025-01-10,20:38:32,-08:00,2025-01-10T20:38:32-08:00,0,95
Cover/index.html,36,html,fc21b46a,Lbangayan,2025-01-10,20:38:32,-08:00,2025-01-10T20:38:32-08:00,0,4
Cover/index.html,37,html,fc21b46a,Lbangayan,2025-01-10,20:38:32,-08:00,2025-01-10T20:38:32-08:00,0,9
Cover/index.html,38,html,fc21b46a,Lbangayan,2025-01-10,20:38:32,-08:00,2025-01-10T20:38:32-08:00,0,8
Cover/index.html,39,html,fc21b46a,Lbangayan,2025-01-10,20:38:32,-08:00,2025-01-10T20:38:32-08:00,0,37
Cover/index.html,40,html,fc21b46a,Lbangayan,2025-01-10,20:38:32,-08:00,2025-01-10T20:38:32-08:00,0,3
Cover/index.html,41,html,fc21b46a,Lbangayan,2025-01-10,20:38:32,-08:00,2025-01-10T20:38:32-08:00,0,111
Cover/index.html,42,html,fc21b46a,Lbangayan,2025-01-10,20:38:32,-08:00,2025-01-10T20:38:32-08:00,0,84
Cover/index.html,43,html,fc21b46a,Lbangayan,2025-01-10,20:38:32,-08:00,2025-01-10T20:38:32-08:00,0,4
Cover/index.html,44,html,fc21b46a,Lbangayan,2025-01-10,20:38:32,-08:00,2025-01-10T20:38:32-08:00,0,9
Cover/index.html,45,html,fc21b46a,Lbangayan,2025-01-10,20:38:32,-08:00,2025-01-10T20:38:32-08:00,0,8
Cover/index.html,46,html,fc21b46a,Lbangayan,2025-01-10,20:38:32,-08:00,2025-01-10T20:38:32-08:00,0,22
Cover/index.html,47,html,fc21b46a,Lbangayan,2025-01-10,20:38:32,-08:00,2025-01-10T20:38:32-08:00,0,3
Cover/index.html,48,html,fc21b46a,Lbangayan,2025-01-10,20:38:32,-08:00,2025-01-10T20:38:32-08:00,0,71
Cover/index.html,49,html,fc21b46a,Lbangayan,2025-01-10,20:38:32,-08:00,2025-01-10T20:38:32-08:00,0,83
Cover/index.html,50,html,fc21b46a,Lbangayan,2025-01-10,20:38:32,-08:00,2025-01-10T20:38:32-08:00,0,4
Cover/index.html,51,html,fc21b46a,Lbangayan,2025-01-10,20:38:32,-08:00,2025-01-10T20:38:32-08:00,0,9
Cover/index.html,52,html,fc21b46a,Lbangayan,2025-01-10,20:38:32,-08:00,2025-01-10T20:38:32-08:00,0,8
Cover/index.html,53,html,fc21b46a,Lbangayan,2025-01-10,20:38:32,-08:00,2025-01-10T20:38:32-08:00,0,25
Cover/index.html,54,html,fc21b46a,Lbangayan,2025-01-10,20:38:32,-08:00,2025-01-10T20:38:32-08:00,0,3
Cover/index.html,55,html,fc21b46a,Lbangayan,2025-01-10,20:38:32,-08:00,2025-01-10T20:38:32-08:00,0,65
Cover/index.html,56,html,fc21b46a,Lbangayan,2025-01-10,20:38:32,-08:00,2025-01-10T20:38:32-08:00,0,101
Cover/index.html,57,html,fc21b46a,Lbangayan,2025-01-10,20:38:32,-08:00,2025-01-10T20:38:32-08:00,0,4
Cover/index.html,58,html,fc21b46a,Lbangayan,2025-01-10,20:38:32,-08:00,2025-01-10T20:38:32-08:00,0,9
Cover/index.html,59,html,fc21b46a,Lbangayan,2025-01-10,20:38:32,-08:00,2025-01-10T20:38:32-08:00,0,9
Cover/index.html,60,html,fc21b46a,Lbangayan,2025-01-10,20:38:32,-08:00,2025-01-10T20:38:32-08:00,0,8
Cover/index.html,61,html,fc21b46a,Lbangayan,2025-01-10,20:38:32,-08:00,2025-01-10T20:38:32-08:00,0,7
Cover/index.html,62,html,fc21b46a,Lbangayan,2025-01-10,20:38:32,-08:00,2025-01-10T20:38:32-08:00,0,23
Cover/index.html,63,html,fc21b46a,Lbangayan,2025-01-10,20:38:32,-08:00,2025-01-10T20:38:32-08:00,0,8
Cover/index.html,64,html,fc21b46a,Lbangayan,2025-01-10,20:38:32,-08:00,2025-01-10T20:38:32-08:00,0,8
Cover/index.html,65,html,fc21b46a,Lbangayan,2025-01-10,20:38:32,-08:00,2025-01-10T20:38:32-08:00,0,23
Cover/index.html,66,html,fc21b46a,Lbangayan,2025-01-10,20:38:32,-08:00,2025-01-10T20:38:32-08:00,0,33
Cover/index.html,67,html,fc21b46a,Lbangayan,2025-01-10,20:38:32,-08:00,2025-01-10T20:38:32-08:00,0,82
Cover/index.html,68,html,fc21b46a,Lbangayan,2025-01-10,20:38:32,-08:00,2025-01-10T20:38:32-08:00,0,3
Cover/index.html,69,html,fc21b46a,Lbangayan,2025-01-10,20:38:32,-08:00,2025-01-10T20:38:32-08:00,0,97
Cover/index.html,70,html,fc21b46a,Lbangayan,2025-01-10,20:38:32,-08:00,2025-01-10T20:38:32-08:00,0,88
Cover/index.html,71,html,fc21b46a,Lbangayan,2025-01-10,20:38:32,-08:00,2025-01-10T20:38:32-08:00,0,4
Cover/index.html,72,html,fc21b46a,Lbangayan,2025-01-10,20:38:32,-08:00,2025-01-10T20:38:32-08:00,0,9
Cover/index.html,73,html,fc21b46a,Lbangayan,2025-01-10,20:38:32,-08:00,2025-01-10T20:38:32-08:00,0,9
Cover/index.html,74,html,fc21b46a,Lbangayan,2025-01-10,20:38:32,-08:00,2025-01-10T20:38:32-08:00,0,8
Cover/index.html,75,html,fc21b46a,Lbangayan,2025-01-10,20:38:32,-08:00,2025-01-10T20:38:32-08:00,0,7
Cover/index.html,76,html,fc21b46a,Lbangayan,2025-01-10,20:38:32,-08:00,2025-01-10T20:38:32-08:00,0,28
Cover/index.html,77,html,fc21b46a,Lbangayan,2025-01-10,20:38:32,-08:00,2025-01-10T20:38:32-08:00,0,8
Cover/index.html,78,html,fc21b46a,Lbangayan,2025-01-10,20:38:32,-08:00,2025-01-10T20:38:32-08:00,0,3
Cover/index.html,79,html,fc21b46a,Lbangayan,2025-01-10,20:38:32,-08:00,2025-01-10T20:38:32-08:00,0,59
Cover/index.html,80,html,fc21b46a,Lbangayan,2025-01-10,20:38:32,-08:00,2025-01-10T20:38:32-08:00,0,4
Cover/index.html,81,html,fc21b46a,Lbangayan,2025-01-10,20:38:32,-08:00,2025-01-10T20:38:32-08:00,0,9
Cover/index.html,82,html,fc21b46a,Lbangayan,2025-01-10,20:38:32,-08:00,2025-01-10T20:38:32-08:00,0,6
Cover/index.html,83,html,fc21b46a,Lbangayan,2025-01-10,20:38:32,-08:00,2025-01-10T20:38:32-08:00,0,7
Cover/index.html,84,html,fc21b46a,Lbangayan,2025-01-10,20:38:32,-08:00,2025-01-10T20:38:32-08:00,0,52
Cover/index.html,85,html,fc21b46a,Lbangayan,2025-01-10,20:38:32,-08:00,2025-01-10T20:38:32-08:00,0,8
Cover/index.html,86,html,19efd38b,Lbangayan,2025-01-24,17:41:34,-08:00,2025-01-24T17:41:34-08:00,0,88
Cover/index.html,87,html,19efd38b,Lbangayan,2025-01-24,17:41:34,-08:00,2025-01-24T17:41:34-08:00,0,0
Cover/index.html,88,html,fc21b46a,Lbangayan,2025-01-10,20:38:32,-08:00,2025-01-10T20:38:32-08:00,0,6
Cover/index.html,89,html,fc21b46a,Lbangayan,2025-01-10,20:38:32,-08:00,2025-01-10T20:38:32-08:00,0,6
Contact/index.html,1,html,fc21b46a,Lbangayan,2025-01-10,20:38:32,-08:00,2025-01-10T20:38:32-08:00,0,14
Contact/index.html,2,html,fc21b46a,Lbangayan,2025-01-10,20:38:32,-08:00,2025-01-10T20:38:32-08:00,0,15
Contact/index.html,3,html,fc21b46a,Lbangayan,2025-01-10,20:38:32,-08:00,2025-01-10T20:38:32-08:00,0,5
Contact/index.html,4,html,fc21b46a,Lbangayan,2025-01-10,20:38:32,-08:00,2025-01-10T20:38:32-08:00,0,21
Contact/index.html,5,html,fc21b46a,Lbangayan,2025-01-10,20:38:32,-08:00,2025-01-10T20:38:32-08:00,0,69
Contact/index.html,6,html,fc21b46a,Lbangayan,2025-01-10,20:38:32,-08:00,2025-01-10T20:38:32-08:00,0,24
Contact/index.html,7,html,b200e2b8,Lbangayan,2025-01-17,22:09:21,-08:00,2025-01-17T22:09:21-08:00,0,73
Contact/index.html,8,html,fc21b46a,Lbangayan,2025-01-10,20:38:32,-08:00,2025-01-10T20:38:32-08:00,0,6
Contact/index.html,9,html,fc21b46a,Lbangayan,2025-01-10,20:38:32,-08:00,2025-01-10T20:38:32-08:00,0,5
Contact/index.html,10,html,b200e2b8,Lbangayan,2025-01-17,22:09:21,-08:00,2025-01-17T22:09:21-08:00,0,7
Contact/index.html,11,html,b200e2b8,Lbangayan,2025-01-17,22:09:21,-08:00,2025-01-17T22:09:21-08:00,0,8
Contact/index.html,12,html,b200e2b8,Lbangayan,2025-01-17,22:09:21,-08:00,2025-01-17T22:09:21-08:00,0,5
Contact/index.html,13,html,b200e2b8,Lbangayan,2025-01-17,22:09:21,-08:00,2025-01-17T22:09:21-08:00,0,15
Contact/index.html,14,html,b200e2b8,Lbangayan,2025-01-17,22:09:21,-08:00,2025-01-17T22:09:21-08:00,0,72
Contact/index.html,15,html,b200e2b8,Lbangayan,2025-01-17,22:09:21,-08:00,2025-01-17T22:09:21-08:00,0,32
Contact/index.html,16,html,b200e2b8,Lbangayan,2025-01-17,22:09:21,-08:00,2025-01-17T22:09:21-08:00,0,52
Contact/index.html,17,html,b200e2b8,Lbangayan,2025-01-17,22:09:21,-08:00,2025-01-17T22:09:21-08:00,0,0
Contact/index.html,18,html,b200e2b8,Lbangayan,2025-01-17,22:09:21,-08:00,2025-01-17T22:09:21-08:00,0,36
Contact/index.html,19,html,b200e2b8,Lbangayan,2025-01-17,22:09:21,-08:00,2025-01-17T22:09:21-08:00,0,55
Contact/index.html,20,html,b200e2b8,Lbangayan,2025-01-17,22:09:21,-08:00,2025-01-17T22:09:21-08:00,0,0
Contact/index.html,21,html,b200e2b8,Lbangayan,2025-01-17,22:09:21,-08:00,2025-01-17T22:09:21-08:00,0,33
Contact/index.html,22,html,b200e2b8,Lbangayan,2025-01-17,22:09:21,-08:00,2025-01-17T22:09:21-08:00,0,60
Contact/index.html,23,html,b200e2b8,Lbangayan,2025-01-17,22:09:21,-08:00,2025-01-17T22:09:21-08:00,0,0
Contact/index.html,24,html,b200e2b8,Lbangayan,2025-01-17,22:09:21,-08:00,2025-01-17T22:09:21-08:00,0,22
Contact/index.html,25,html,b200e2b8,Lbangayan,2025-01-17,22:09:21,-08:00,2025-01-17T22:09:21-08:00,0,6
Contact/index.html,26,html,b200e2b8,Lbangayan,2025-01-17,22:09:21,-08:00,2025-01-17T22:09:21-08:00,0,6
Contact/index.html,27,html,19efd38b,Lbangayan,2025-01-24,17:41:34,-08:00,2025-01-24T17:41:34-08:00,0,88
Contact/index.html,28,html,19efd38b,Lbangayan,2025-01-24,17:41:34,-08:00,2025-01-24T17:41:34-08:00,0,0
Contact/index.html,29,html,fc21b46a,Lbangayan,2025-01-10,20:38:32,-08:00,2025-01-10T20:38:32-08:00,0,6
Contact/index.html,30,html,fc21b46a,Lbangayan,2025-01-10,20:38:32,-08:00,2025-01-10T20:38:32-08:00,0,6
